Topic,Keywords
Topic 1,"shipping, choose, instructions, follow, refer, idea, program, wall, congress, black"
Topic 2,"longer, life, used, battery, decrease, sudden, website, official, reviewed, cache"
Topic 3,"wrong, request, month, transaction, sent, asked, sit, form, goes, company"
Topic 4,"return, click, select, button, condition, rate, cancel, weeks, image, guy"
Topic 5,"feel, free, turn, end, agree, mail, requests, warranty, required, response"
Topic 6,"sign, months, cost, needs, aware, existing, stock, minutes, 100, science"
Topic 7,"flickering, screen, hardware, use, unable, problem, article, removed, menu, asking"
Topic 8,"strange, noises, functioning, suspect, internet, connection, establish, network, stable, disconnecting"
Topic 9,"card, gift, buying, function, point, ship, replace, credit, bought, today"
Topic 10,"updates, checked, software, version, latest, running, available, ve, assist, having"
Topic 11,"mean, user, mentioned, message, manual, does, popping, error_message, peculiar, error"
Topic 12,"fixes, crashes, encountering, bug, try, application, updates, specific, available, action"
Topic 13,"app, errors, causing, unexpected, bug, loss, data, resolve, noticed, software"
Topic 14,"particular, exactly, source, prevent, situation, kind, 95, build, concern, score"
Topic 15,"deleted, important, accidentally, urgently, files, way, recover, data, need, ve"
Topic 16,"days, place, sale, purchasing, allow, brand, shipped, box, marked, understanding"
Topic 17,"daily, tasks, heavily, hindering, rely, productivity, issue, assist, having, product"
Topic 18,"problems, similar, reported, sure, specific, device, issue, assist, having, product"
Topic 19,"online, far, community, forums, luck, tutorials, followed, troubleshoot, issue, ve"
Topic 20,"play, placed, game, given, 24, resource, 39, future, believe, dream"
Topic 21,"url, delete, purchases, include, services, previous, reviews, server, property, restart"
Topic 22,"div, class, 000, hear, close, hard, 2013, id, represent, api"
Topic 23,"solution, difficult, glitch, frequently, provide, freezes, making, use, software, thanks"
Topic 24,"understand, view, enable, comments, javascript, explain, video, github, powered, disqus"
Topic 25,"set, connect, fails, networks, recently, troubleshoot, available, steps, ve, issue"
Topic 26,"99, second, 29, quickly, faq, happens, 49, usd, chance, employee"
Topic 27,"com, https, www, http, install, remove, etsy, windows, android, exist"
Topic 28,"settings, correctly, configured, sure, checked, device, ve, 12, assist, having"
Topic 29,"connecting, home, trouble, wi, detect, fi, network, devices, networks, doesn"
Topic 30,"updated, happening, firmware, afterward, recently, related, started, update, issue, ve"
Topic 31,"account, locked, unlock, logging, issues, says, facing, log, span, ordered"
Topic 32,"original, came, charging, charger, properly, respond, yesterday, turning, using, working"
Topic 33,"soon, work, assistance, possible, affecting, productivity, need, assist, having, issue"
Topic 34,"desired, option, guide, action, perform, unable, steps, assist, having, issue"
Topic 35,"said, expand, wanted, easy, true, bring, deal, click, spring, copy"
Topic 36,"reason, included, package, fact, series, young, drop, returned, pack, state"
Topic 37,"lost, data, stored, crashed, way, recover, doing, mrs, marketplace, processed"
Topic 38,"figure, 50, friends, leave, example, 25, person, configurations, mobile, includes"
Topic 39,"works, intermittent, acts, unexpectedly, fine, facing, times, issue, assist, having"
Topic 40,"access, account, login, correct, invalid, credentials, regain, displaying, information, keeps"
Topic 41,"retrieve, documents, encountered, disappeared, files, loss, guide, data, ve, br"
Topic 42,"amazon, retailer, apple, commercial, professional, enjoy, rise, miss, care, domain"
Topic 43,"feature, replacement, require, occurs, repair, consistently, worried, application, issue, specific"
Topic 44,"different, tried, persists, adapters, peripherals, cables, using, issue, ve, having"
Topic 45,"password, account, forgotten, recover, reset, working, option, ve, apologize, inconvenience"
Topic 46,"contacted, unresolved, remains, customer, multiple, support, times, issue, ve, assist"
Topic 47,"00, title, left, maybe, prices, product_price, coupon, boy, bad, market"
Topic 48,"factory, hoping, performed, problem, reset, didn, help, resolve, model, experiencing"
Topic 49,"haven, changes, recent, occurring, started, update, device, software, problem, assist"
Topic 50,"safe, ensure, security, concerned, like, data, assist, having, issue, product"
